/*mod_status*/
INSERT INTO "ESTAT"."V1"."mod_status" (id, label) VALUES (1, 'Current');
INSERT INTO "ESTAT"."V1"."mod_status" (id, label) VALUES (2, 'Deprecated');

/*mod_infotype*/
INSERT INTO "ESTAT"."V1"."mod_infotype" (id, label) VALUES (1, 'Information');
INSERT INTO "ESTAT"."V1"."mod_infotype" (id, label) VALUES (2, 'Type');

/*mod_lexical_type*/
INSERT INTO "ESTAT"."V1"."mod_lexical_type" (id, label) VALUES (1, 'LexicalUnitMain');
INSERT INTO "ESTAT"."V1"."mod_lexical_type" (id, label) VALUES (2, 'acronymAllowed');
INSERT INTO "ESTAT"."V1"."mod_lexical_type" (id, label) VALUES (3, 'abbreviationAllowed');
INSERT INTO "ESTAT"."V1"."mod_lexical_type" (id, label) VALUES (4, 'syntacticVariantAllowed');

/*dat_collection*/
INSERT INTO "ESTAT"."V1"."dat_collection" (id, label_en, label_fr, uri, date_created, date_modified, status_id, date_deprecated, definition, editorial_note, change_note, scope_note) VALUES (1, 'Collection Content only', 'Collection Contenu uniquement', 'https://nlp4statref/knowledge/resource/authority/resource-type#collection-content-only', '2021-06-29', NULL,1, NULL,'All types of resources which are only content resources without any relation with the knowledge database', NULL, '25/06/2021 - Creation',NULL );
INSERT INTO "ESTAT"."V1"."dat_collection" (id, label_en, label_fr, uri, date_created, date_modified, status_id, date_deprecated, definition, editorial_note, change_note, scope_note) VALUES (2, 'Collection Editorial content', 'Collection Contenu éditorial', 'https://nlp4statref/knowledge/resource/authority/resource-type#collection-editorial-content', '2021-05-28', NULL,1, NULL,'All types of resources that constitute editorial content', NULL, '28/05/2021 - Creation',NULL );
INSERT INTO "ESTAT"."V1"."dat_collection" (id, label_en, label_fr, uri, date_created, date_modified, status_id, date_deprecated, definition, editorial_note, change_note, scope_note) VALUES (3, 'Collection Legal information', 'Collection Information juridique', 'https://nlp4statref/knowledge/resource/authority/resource-type#collection-legal-information', '2021-05-28', NULL,1, NULL,'All types of resources that constitute legal content or information.', NULL, '28/05/2021 - Creation',NULL );
INSERT INTO "ESTAT"."V1"."dat_collection" (id, label_en, label_fr, uri, date_created, date_modified, status_id, date_deprecated, definition, editorial_note, change_note, scope_note) VALUES (4, 'Collection Named entities', 'Collection Entités nommées', 'https://nlp4statref/knowledge/resource/authority/resource-type#collection-named-entities', '2021-05-28', NULL,1, NULL,'All types of resources that constitute named entities', NULL, '28/05/2021 - Creation',NULL );
INSERT INTO "ESTAT"."V1"."dat_collection" (id, label_en, label_fr, uri, date_created, date_modified, status_id, date_deprecated, definition, editorial_note, change_note, scope_note) VALUES (5, 'Collection Statistic data', 'Collection Données statistiques', 'https://nlp4statref/knowledge/resource/authority/resource-type#collection-statistic-data', '2021-06-25', NULL,1, NULL,'All types of resources that constitute statistic data.', NULL, '25/06/2021 - Creation',NULL );
INSERT INTO "ESTAT"."V1"."dat_collection" (id, label_en, label_fr, uri, date_created, date_modified, status_id, date_deprecated, definition, editorial_note, change_note, scope_note) VALUES (6, 'Collection Vocabulary', 'Collection Vocabulaire', 'https://nlp4statref/knowledge/resource/authority/resource-type#collection-vocabulary', '2021-05-28', NULL,1, NULL,'All types of resources that constitute vocabularies', NULL, '28/05/2021 - Creation',NULL );

INSERT INTO "ESTAT"."V1"."dat_collection" (id, label_en, label_fr, uri, date_created, date_modified, status_id, date_deprecated, definition, editorial_note, change_note, scope_note) VALUES (7, 'Collection Eurostat resources', 'Collection Ressources Eurostat', 'https://nlp4statref/knowledge/resource/authority/resource-information#collection-eurostat-resources', '2021-05-18', NULL,1, NULL,'Resources coming from Eurostat.', NULL, '18/05/2021 - Creation',NULL );
INSERT INTO "ESTAT"."V1"."dat_collection" (id, label_en, label_fr, uri, date_created, date_modified, status_id, date_deprecated, definition, editorial_note, change_note, scope_note) VALUES (8, 'Collection Europa resources', 'Collection Ressources Europa', 'https://nlp4statref/knowledge/resource/authority/resource-information#collection-europa-resources', '2021-05-18', NULL,1, NULL,'Resources coming from the European Union with the exception of Eurostat''s resources.', NULL, '18/05/2021 - Creation',NULL );
INSERT INTO "ESTAT"."V1"."dat_collection" (id, label_en, label_fr, uri, date_created, date_modified, status_id, date_deprecated, definition, editorial_note, change_note, scope_note) VALUES (9, 'Collection External resources', 'Collection Ressources externes', 'https://nlp4statref/knowledge/resource/authority/resource-information#collection-external-resources', '2021-05-18', NULL,1, NULL,'Resources coming from a Eurostat''s partner or an external website.', NULL, '18/05/2021 - Creation',NULL );

/* dat_resource */
INSERT INTO "ESTAT"."V1"."dat_resource" (id, label_en, label_fr) VALUES (0, 'Other', 'Autre');
INSERT INTO "ESTAT"."V1"."dat_resource" (id, label_en, label_fr, uri, date_created, date_modified, status_id, date_deprecated, definition, editorial_note, change_note, scope_note, infotype_id) VALUES (1, 'Eurostat', 'Eurostat', 'https://nlp4statref/knowledge/resource/authority/resource-information#eurostat', '2021-06-01', NULL, 1, NULL, 'Eurostat resource.', NULL, '18/05/2021 - Creation', NULL, 1);
INSERT INTO "ESTAT"."V1"."dat_resource" (id, label_en, label_fr, uri, date_created, date_modified, status_id, date_deprecated, definition, editorial_note, change_note, scope_note, infotype_id) VALUES (2, 'European Agency for Safety and Health at Work', NULL, 'https://nlp4statref/knowledge/resource/authority/resource-information#european-agency-for-safety-and-health-at-work', '2021-06-29', NULL, 1, NULL, NULL, 'ToDo : Notes, prefLabel @fr, Acronyms, Abbreviations, SyntacticVariants', '29/06/2021 - Creation', NULL, 1);
INSERT INTO "ESTAT"."V1"."dat_resource" (id, label_en, label_fr, uri, date_created, date_modified, status_id, date_deprecated, definition, editorial_note, change_note, scope_note, infotype_id) VALUES (3, 'European Asylum support office', NULL, 'https://nlp4statref/knowledge/resource/authority/resource-information#european-asylum-support-office', '2021-06-29', NULL, 1, NULL, NULL, 'ToDo : Notes, prefLabel @fr, Acronyms, Abbreviations, SyntacticVariants', '29/06/2021 - Creation', NULL, 1);
INSERT INTO "ESTAT"."V1"."dat_resource" (id, label_en, label_fr, uri, date_created, date_modified, status_id, date_deprecated, definition, editorial_note, change_note, scope_note, infotype_id) VALUES (4, 'European Central Bank', NULL, 'https://nlp4statref/knowledge/resource/authority/resource-information#european-central-bank', '2021-06-29', NULL, 1, NULL, NULL, 'ToDo : Notes, prefLabel @fr, Acronyms, Abbreviations, SyntacticVariants', '29/06/2021 - Creation', NULL, 1);
INSERT INTO "ESTAT"."V1"."dat_resource" (id, label_en, label_fr, uri, date_created, date_modified, status_id, date_deprecated, definition, editorial_note, change_note, scope_note, infotype_id) VALUES (5, 'European Centre for the Development of vocational training', NULL, 'https://nlp4statref/knowledge/resource/authority/resource-information#european-centre-for-the-development-of-vocational-training', '2021-06-29', NULL, 1, NULL, NULL, 'ToDo : Notes, prefLabel @fr, Acronyms, Abbreviations, SyntacticVariants', '29/06/2021 - Creation', NULL, 1);
INSERT INTO "ESTAT"."V1"."dat_resource" (id, label_en, label_fr, uri, date_created, date_modified, status_id, date_deprecated, definition, editorial_note, change_note, scope_note, infotype_id) VALUES (6, 'European Council and council of the European Union', 'Conseil européen et Conseil de l''Union européenne', 'https://nlp4statref/knowledge/resource/authority/resource-information#european-council-and-council-of-the-european-union', '2021-06-29', NULL, 1, NULL, NULL, 'ToDo : Notes, Acronyms, Abbreviations, SyntacticVariants', '29/06/2021 - Creation', NULL, 1);
INSERT INTO "ESTAT"."V1"."dat_resource" (id, label_en, label_fr, uri, date_created, date_modified, status_id, date_deprecated, definition, editorial_note, change_note, scope_note, infotype_id) VALUES (7, 'European Court of Auditors', NULL, 'https://nlp4statref/knowledge/resource/authority/resource-information#european-court-of-auditors', '2021-06-29', NULL, 1, NULL, NULL, 'ToDo : Notes, prefLabel @fr, Acronyms, Abbreviations, SyntacticVariants', '29/06/2021 - Creation', NULL, 1);
INSERT INTO "ESTAT"."V1"."dat_resource" (id, label_en, label_fr, uri, date_created, date_modified, status_id, date_deprecated, definition, editorial_note, change_note, scope_note, infotype_id) VALUES (8, 'European Environment Agency', NULL, 'https://nlp4statref/knowledge/resource/authority/resource-information#european-environment-agency', '2021-06-29', NULL, 1, NULL, NULL, 'ToDo : Notes, prefLabel @fr, Acronyms, Abbreviations, SyntacticVariants', '29/06/2021 - Creation', NULL, 1);
INSERT INTO "ESTAT"."V1"."dat_resource" (id, label_en, label_fr, uri, date_created, date_modified, status_id, date_deprecated, definition, editorial_note, change_note, scope_note, infotype_id) VALUES (9, 'European Environment Information and Observation Network', NULL, 'https://nlp4statref/knowledge/resource/authority/resource-information#european-environment-information-and-observation-network', '2021-06-29', NULL, 1, NULL, NULL, 'ToDo : Notes, prefLabel @fr, Acronyms, Abbreviations, SyntacticVariants', '29/06/2021 - Creation', NULL, 1);
INSERT INTO "ESTAT"."V1"."dat_resource" (id, label_en, label_fr, uri, date_created, date_modified, status_id, date_deprecated, definition, editorial_note, change_note, scope_note, infotype_id) VALUES (10, 'European Foundation for the improvement of living and working conditions', NULL, 'https://nlp4statref/knowledge/resource/authority/resource-information#european-foundation-for-the-improvement-of-living-and-working-conditions', '2021-06-29', NULL, 1, NULL, NULL, 'ToDo : Notes, prefLabel @fr, Acronyms, Abbreviations, SyntacticVariants', '29/06/2021 - Creation', NULL, 1);
INSERT INTO "ESTAT"."V1"."dat_resource" (id, label_en, label_fr, uri, date_created, date_modified, status_id, date_deprecated, definition, editorial_note, change_note, scope_note, infotype_id) VALUES (11, 'European Institue for Gender Equality', NULL, 'https://nlp4statref/knowledge/resource/authority/resource-information#european-institute-for-gender-equality', '2021-06-29', NULL, 1, NULL, NULL, 'ToDo : Notes, prefLabel @fr, Acronyms, Abbreviations, SyntacticVariants', '29/06/2021 - Creation', NULL, 1);
INSERT INTO "ESTAT"."V1"."dat_resource" (id, label_en, label_fr, uri, date_created, date_modified, status_id, date_deprecated, definition, editorial_note, change_note, scope_note, infotype_id) VALUES (12, 'European Monitoring Centre for Drugs and Drug Addiction', NULL, 'https://nlp4statref/knowledge/resource/authority/resource-information#european-monitoring-centre-for-drugs-and-drug-addiction', '2021-06-29', NULL, 1, NULL, NULL, 'ToDo : Notes, prefLabel @fr, Acronyms, Abbreviations, SyntacticVariants', '29/06/2021 - Creation', NULL, 1);
INSERT INTO "ESTAT"."V1"."dat_resource" (id, label_en, label_fr, uri, date_created, date_modified, status_id, date_deprecated, definition, editorial_note, change_note, scope_note, infotype_id) VALUES (13, 'European Parliament', 'Parlement européen', 'https://nlp4statref/knowledge/resource/authority/resource-information#european-parliament', '2021-06-01', NULL, 1, NULL, 'European Parliament resource.', 'ToDo : Acronyms, Abbreviations, SyntacticVariants', '01/06/2021 - Creation', NULL, 1);
INSERT INTO "ESTAT"."V1"."dat_resource" (id, label_en, label_fr, uri, date_created, date_modified, status_id, date_deprecated, definition, editorial_note, change_note, scope_note, infotype_id) VALUES (14, 'European Union Agency for Fundamental rights', NULL, 'https://nlp4statref/knowledge/resource/authority/resource-information#european-union-agency-for-fundamental-rights', '2021-06-29', NULL, 1, NULL, NULL, 'ToDo : Notes, prefLabel @fr, Acronyms, Abbreviations, SyntacticVariants', '29/06/2021 - Creation', NULL, 1);
INSERT INTO "ESTAT"."V1"."dat_resource" (id, label_en, label_fr, uri, date_created, date_modified, status_id, date_deprecated, definition, editorial_note, change_note, scope_note, infotype_id) VALUES (15, 'European Union Agency for Railways', NULL, 'https://nlp4statref/knowledge/resource/authority/resource-information#european-union-agency-for-railways', '2021-06-29', NULL, 1, NULL, NULL, 'ToDo : Notes, prefLabel @fr, Acronyms, Abbreviations, SyntacticVariants', '29/06/2021 - Creation', NULL, 1);
INSERT INTO "ESTAT"."V1"."dat_resource" (id, label_en, label_fr, uri, date_created, date_modified, status_id, date_deprecated, definition, editorial_note, change_note, scope_note, infotype_id) VALUES (16, 'European Union', 'Union euopéenne', 'https://nlp4statref/knowledge/resource/authority/resource-information#european-union', '2021-06-01', NULL, 1, NULL, 'European union resource.', 'ToDo : Acronyms, Abbreviations, SyntacticVariants', '01/06/2021 - Creation', 'Information only used for EU resource which could not be assigned to a coporate body of the EU.', 1);
INSERT INTO "ESTAT"."V1"."dat_resource" (id, label_en, label_fr, uri, date_created, date_modified, status_id, date_deprecated, definition, editorial_note, change_note, scope_note, infotype_id) VALUES (17, 'European Patent Convention', NULL, 'https://nlp4statref/knowledge/resource/authority/resource-information#european-patent-convention', '2021-05-18', NULL, 1, NULL, NULL, 'ToDo : Notes, @lang, Acronyms, Abbreviations, SyntacticVariants', '18/05/2021 - Creation', NULL, 1);
INSERT INTO "ESTAT"."V1"."dat_resource" (id, label_en, label_fr, uri, date_created, date_modified, status_id, date_deprecated, definition, editorial_note, change_note, scope_note, infotype_id) VALUES (18, 'European Investment Bank', NULL, 'https://nlp4statref/knowledge/resource/authority/resource-information#european-investment-bank', '2021-05-18', NULL, 1, NULL, NULL, 'ToDo : Notes, @lang, Acronyms, Abbreviations, SyntacticVariants', '18/05/2021 - Creation', NULL, 1);
INSERT INTO "ESTAT"."V1"."dat_resource" (id, label_en, label_fr, uri, date_created, date_modified, status_id, date_deprecated, definition, editorial_note, change_note, scope_note, infotype_id) VALUES (19, 'European Free Trade Association', NULL, 'https://nlp4statref/knowledge/resource/authority/resource-information#european-free-trade-association', '2021-05-18', NULL, 1, NULL, NULL, 'ToDo : Notes, @lang, Acronyms, Abbreviations, SyntacticVariants', '18/05/2021 - Creation', NULL, 1);
INSERT INTO "ESTAT"."V1"."dat_resource" (id, label_en, label_fr, uri, date_created, date_modified, status_id, date_deprecated, definition, editorial_note, change_note, scope_note, infotype_id) VALUES (20, 'International Household Survey Network', NULL, 'https://nlp4statref/knowledge/resource/authority/resource-information#international-household-survey-network', '2021-05-18', NULL, 1, NULL, NULL, 'ToDo : Notes, prefLabel @fr, Acronyms, Abbreviations, SyntacticVariants', '18/05/2021 - Creation', NULL, 1);
INSERT INTO "ESTAT"."V1"."dat_resource" (id, label_en, label_fr, uri, date_created, date_modified, status_id, date_deprecated, definition, editorial_note, change_note, scope_note, infotype_id) VALUES (21, 'International Input Output organization', NULL, 'https://nlp4statref/knowledge/resource/authority/resource-information#international-input-output-organization', '2021-05-18', NULL, 1, NULL, NULL, 'ToDo : Notes, prefLabel @fr, Acronyms, Abbreviations, SyntacticVariants', '18/05/2021 - Creation', NULL, 1);
INSERT INTO "ESTAT"."V1"."dat_resource" (id, label_en, label_fr, uri, date_created, date_modified, status_id, date_deprecated, definition, editorial_note, change_note, scope_note, infotype_id) VALUES (22, 'International Monetary Fund', NULL, 'https://nlp4statref/knowledge/resource/authority/resource-information#international-monetary-fund', '2021-05-18', NULL, 1, NULL, NULL, 'ToDo : Notes, prefLabel @fr, Acronyms, Abbreviations, SyntacticVariants', '18/05/2021 - Creation', NULL, 1);
INSERT INTO "ESTAT"."V1"."dat_resource" (id, label_en, label_fr, uri, date_created, date_modified, status_id, date_deprecated, definition, editorial_note, change_note, scope_note, infotype_id) VALUES (23, 'International Statistics Institute', NULL, 'https://nlp4statref/knowledge/resource/authority/resource-information#international-statistics-institute', '2021-05-18', NULL, 1, NULL, NULL, 'ToDo : Notes, prefLabel @fr, Acronyms, Abbreviations, SyntacticVariants', '18/05/2021 - Creation', NULL, 1);
INSERT INTO "ESTAT"."V1"."dat_resource" (id, label_en, label_fr, uri, date_created, date_modified, status_id, date_deprecated, definition, editorial_note, change_note, scope_note, infotype_id) VALUES (24, 'Organisation For Economic co-operation and development', NULL, 'https://nlp4statref/knowledge/resource/authority/resource-information#organisation-for-economic-co-operation-and-development', '2021-05-18', NULL, 1, NULL, NULL, 'ToDo : Notes, prefLabel @fr, Acronyms, Abbreviations, SyntacticVariants', '18/05/2021 - Creation', NULL, 1);
INSERT INTO "ESTAT"."V1"."dat_resource" (id, label_en, label_fr, uri, date_created, date_modified, status_id, date_deprecated, definition, editorial_note, change_note, scope_note, infotype_id) VALUES (25, 'Paris21', NULL, 'https://nlp4statref/knowledge/resource/authority/resource-information#paris21', '2021-06-29', NULL, 1, NULL, NULL, 'ToDo : Notes, prefLabel @fr, Acronyms, Abbreviations, SyntacticVariants', '29/06/2021 - Creation', NULL, 1);
INSERT INTO "ESTAT"."V1"."dat_resource" (id, label_en, label_fr, uri, date_created, date_modified, status_id, date_deprecated, definition, editorial_note, change_note, scope_note, infotype_id) VALUES (26, 'The World Bank', NULL, 'https://nlp4statref/knowledge/resource/authority/resource-information#the-world-bank', '2021-06-29', NULL, 1, NULL, NULL, 'ToDo : Notes, prefLabel @fr, Acronyms, Abbreviations, SyntacticVariants', '29/06/2021 - Creation', NULL, 1);
INSERT INTO "ESTAT"."V1"."dat_resource" (id, label_en, label_fr, uri, date_created, date_modified, status_id, date_deprecated, definition, editorial_note, change_note, scope_note, infotype_id) VALUES (27, 'World Health Organization', NULL, 'https://nlp4statref/knowledge/resource/authority/resource-information#world-health-organization', '2021-06-29', NULL, 1, NULL, NULL, 'ToDo : Notes, prefLabel @fr, Acronyms, Abbreviations, SyntacticVariants', '29/06/2021 - Creation', NULL, 1);
INSERT INTO "ESTAT"."V1"."dat_resource" (id, label_en, label_fr, uri, date_created, date_modified, status_id, date_deprecated, definition, editorial_note, change_note, scope_note, infotype_id) VALUES (28, 'United Nations Economic Commission for Europe', NULL, 'https://nlp4statref/knowledge/resource/authority/resource-information#united-nations-economic-commission-for-europe', '2021-06-29', NULL, 1, NULL, NULL, 'ToDo : Notes, prefLabel @fr, Acronyms, Abbreviations, SyntacticVariants', '29/06/2021 - Creation', NULL, 1);
INSERT INTO "ESTAT"."V1"."dat_resource" (id, label_en, label_fr, uri, date_created, date_modified, status_id, date_deprecated, definition, editorial_note, change_note, scope_note, infotype_id) VALUES (29, 'United Nations Educational Scientific and Cultural Organization', NULL, 'https://nlp4statref/knowledge/resource/authority/resource-information#united-nations-educational-scientific-and-cultural-organization', '2021-05-18', NULL, 1, NULL, NULL, 'ToDo : Notes, prefLabel @fr, Acronyms, Abbreviations, SyntacticVariants', '18/05/2021 - Creation', NULL, 1);
INSERT INTO "ESTAT"."V1"."dat_resource" (id, label_en, label_fr, uri, date_created, date_modified, status_id, date_deprecated, definition, editorial_note, change_note, scope_note, infotype_id) VALUES (30, 'United Nations Development Program', NULL, 'https://nlp4statref/knowledge/resource/authority/resource-information#united-nations-development-program', '2021-05-18', NULL, 1, NULL, NULL, 'ToDo : Notes, prefLabel @fr, Acronyms, Abbreviations, SyntacticVariants', '18/05/2021 - Creation', NULL, 1);
INSERT INTO "ESTAT"."V1"."dat_resource" (id, label_en, label_fr, uri, date_created, date_modified, status_id, date_deprecated, definition, editorial_note, change_note, scope_note, infotype_id) VALUES (31, 'Food and Agriculture Organization of the United Nations', NULL, 'https://nlp4statref/knowledge/resource/authority/resource-information#food-and-agriculture-organization-of-the-united-nations', '2021-06-29', NULL, 1, NULL, NULL, 'ToDo : Notes, prefLabel @fr, Acronyms, Abbreviations, SyntacticVariants', '29/06/2021 - Creation', NULL, 1);
INSERT INTO "ESTAT"."V1"."dat_resource" (id, label_en, label_fr, uri, date_created, date_modified, status_id, date_deprecated, definition, editorial_note, change_note, scope_note, infotype_id) VALUES (32, 'United Nations Framework Convention on climate change', NULL, 'https://nlp4statref/knowledge/resource/authority/resource-information#united-nations-framework-convention-on-climate-change', '2021-06-29', NULL, 1, NULL, NULL, 'ToDo : Notes, prefLabel @fr, Acronyms, Abbreviations, SyntacticVariants', '29/06/2021 - Creation', NULL, 1);
INSERT INTO "ESTAT"."V1"."dat_resource" (id, label_en, label_fr, uri, date_created, date_modified, status_id, date_deprecated, definition, editorial_note, change_note, scope_note, infotype_id) VALUES (33, 'United Nations Office on Drugs and Crime', NULL , 'https://nlp4statref/knowledge/resource/authority/resource-information#united-nations-office-on-drugs-and-crime', '2021-05-18', NULL, 1, NULL, NULL, 'ToDo : Notes, prefLabel @fr, Acronyms, Abbreviations, SyntacticVariants', '18/05/2021 - Creation', NULL, 1);
INSERT INTO "ESTAT"."V1"."dat_resource" (id, label_en, label_fr, uri, date_created, date_modified, status_id, date_deprecated, definition, editorial_note, change_note, scope_note, infotype_id) VALUES (34, 'United Nations Statistics Division', NULL, 'https://nlp4statref/knowledge/resource/authority/resource-information#united-nations-statistics-division', '2021-06-29', NULL, 1, NULL, NULL, 'ToDo : Notes, prefLabel @fr, Acronyms, Abbreviations, SyntacticVariants', '29/06/2021 - Creation', NULL, 1);
INSERT INTO "ESTAT"."V1"."dat_resource" (id, label_en, label_fr, uri, date_created, date_modified, status_id, date_deprecated, definition, editorial_note, change_note, scope_note, infotype_id) VALUES (35, 'Wikipedia', NULL, 'https://nlp4statref/knowledge/resource/authority/resource-information#wikipedia', '2021-06-29', NULL, 1, NULL, NULL, 'ToDo : Notes, prefLabel @fr, Acronyms, Abbreviations, SyntacticVariants', '29/06/2021 - Creation', NULL, 1);
INSERT INTO "ESTAT"."V1"."dat_resource" (id, label_en, label_fr, uri, date_created, date_modified, status_id, date_deprecated, definition, editorial_note, change_note, scope_note, infotype_id) VALUES (36, 'Article', 'Article', 'https://nlp4statref/knowledge/resource/authority/resource-type#article', '2021-05-28', NULL, 1, NULL, NULL, 'ToDo : Notes', '28/05/2021 - Creation', NULL , 2);
INSERT INTO "ESTAT"."V1"."dat_resource" (id, label_en, label_fr, uri, date_created, date_modified, status_id, date_deprecated, definition, editorial_note, change_note, scope_note, infotype_id) VALUES (37, 'European Union Law', 'Droit de l''Union européenne', 'https://nlp4statref/knowledge/resource/authority/resource-type#european-union-law', '2021-05-25', NULL, 1, NULL, NULL, 'ToDo : Notes', '25/05/2021 - Creation', NULL, 2);
INSERT INTO "ESTAT"."V1"."dat_resource" (id, label_en, label_fr, uri, date_created, date_modified, status_id, date_deprecated, definition, editorial_note, change_note, scope_note, infotype_id) VALUES (38, 'No-use', NULL, 'https://nlp4statref/knowledge/resource/authority/resource-type#no-use', '2021-06-22', NULL, 1, NULL, NULL, 'ToDo : Label to be confirmed, Notes, prefLabel @fr', '22/06/2021 - Creation', NULL, 2);
INSERT INTO "ESTAT"."V1"."dat_resource" (id, label_en, label_fr, uri, date_created, date_modified, status_id, date_deprecated, definition, editorial_note, change_note, scope_note, infotype_id) VALUES (39, 'Glossary concept', 'Concept du glossaire', 'https://nlp4statref/knowledge/resource/authority/resource-type#glossary-concept', '2021-05-25', NULL, 1, NULL, NULL, 'ToDo : Notes.', '25/05/2021 - Creation', NULL, 2);
INSERT INTO "ESTAT"."V1"."dat_resource" (id, label_en, label_fr, uri, date_created, date_modified, status_id, date_deprecated, definition, editorial_note, change_note, scope_note, infotype_id) VALUES (40, 'Glossary home page', 'Page d''accueil du glossaire', 'https://nlp4statref/knowledge/resource/authority/resource-type#glossary-home-page', '2021-06-01', NULL, 1, NULL, NULL, 'ToDo : Notes, Patterns.', '01/06/2021 - Creation', NULL, 2);
INSERT INTO "ESTAT"."V1"."dat_resource" (id, label_en, label_fr, uri, date_created, date_modified, status_id, date_deprecated, definition, editorial_note, change_note, scope_note, infotype_id) VALUES (41, 'Infography', 'Infographie', 'https://nlp4statref/knowledge/resource/authority/resource-type#infography', '2021-06-25', NULL, 1, NULL, NULL, 'ToDo : Notes, prefLabel @fr', '25/06/2021 - Creation', NULL, 2);
INSERT INTO "ESTAT"."V1"."dat_resource" (id, label_en, label_fr, uri, date_created, date_modified, status_id, date_deprecated, definition, editorial_note, change_note, scope_note, infotype_id) VALUES (42, 'Legal context', NULL, 'https://nlp4statref/knowledge/resource/authority/resource-type#legal-context', '2021-05-28', NULL, 1, NULL, NULL, 'ToDo : Notes, prefLabel @fr', '28/05/2021 - Creation', NULL, 2);
INSERT INTO "ESTAT"."V1"."dat_resource" (id, label_en, label_fr, uri, date_created, date_modified, status_id, date_deprecated, definition, editorial_note, change_note, scope_note, infotype_id) VALUES (43, 'Miscellaneous', NULL, 'https://nlp4statref/knowledge/resource/authority/resource-type#miscellaneous', '2021-06-29', NULL, 1, NULL, NULL, 'ToDo : Notes, prefLabel @fr', '29/06/2021 - Creation', NULL, 2);
INSERT INTO "ESTAT"."V1"."dat_resource" (id, label_en, label_fr, uri, date_created, date_modified, status_id, date_deprecated, definition, editorial_note, change_note, scope_note, infotype_id) VALUES (44, 'News', 'Actualité', 'https://nlp4statref/knowledge/resource/authority/resource-type#news', '2021-05-28', NULL, 1, NULL, NULL, 'ToDo : Notes', '28/05/2021 - Creation', NULL, 2);
INSERT INTO "ESTAT"."V1"."dat_resource" (id, label_en, label_fr, uri, date_created, date_modified, status_id, date_deprecated, definition, editorial_note, change_note, scope_note, infotype_id) VALUES (45, 'Publication', 'Publication', 'https://nlp4statref/knowledge/resource/authority/resource-type#publication', '2021-05-28', NULL, 1, NULL, NULL, 'ToDo : Notes', '28/05/2021 - Creation', NULL, 2);
INSERT INTO "ESTAT"."V1"."dat_resource" (id, label_en, label_fr, uri, date_created, date_modified, status_id, date_deprecated, definition, editorial_note, change_note, scope_note, infotype_id) VALUES (46, 'Statistics Database', NULL, 'https://nlp4statref/knowledge/resource/authority/resource-type#statistic-database', '2021-06-22', NULL, 1, NULL, NULL, 'ToDo : Notes, prefLabel @fr', '22/06/2021 - Creation', NULL , 2);
INSERT INTO "ESTAT"."V1"."dat_resource" (id, label_en, label_fr, uri, date_created, date_modified, status_id, date_deprecated, definition, editorial_note, change_note, scope_note, infotype_id)VALUES (47, 'Statistics Reference Metadata', NULL, 'https://nlp4statref/knowledge/resource/authority/resource-type#statistic-reference-metadata', '2021-06-29', NULL, 1, NULL, NULL, 'ToDo : Notes, prefLabel @fr', '29/06/2021 - Creation', NULL, 2 );
INSERT INTO "ESTAT"."V1"."dat_resource" (id, label_en, label_fr, uri, date_created, date_modified, status_id, date_deprecated, definition, editorial_note, change_note, scope_note, infotype_id) VALUES (48, 'Statistics Explained Data', NULL, 'https://nlp4statref/knowledge/resource/authority/resource-type#statistical-data-report', '2021-05-25', NULL, 1, NULL, NULL, 'ToDo : Notes, prefLabel @fr', '25/05/2021 - Creation', NULL, 2);
INSERT INTO "ESTAT"."V1"."dat_resource" (id, label_en, label_fr, uri, date_created, date_modified, status_id, date_deprecated, definition, editorial_note, change_note, scope_note, infotype_id)VALUES (49, 'Statistics Table', NULL, 'https://nlp4statref/knowledge/resource/authority/resource-type#statistic-table', '2021-06-22', NULL, 1, NULL, NULL, 'ToDo : Notes, prefLabel @fr', '22/06/2021 - Creation', NULL, 2);
INSERT INTO "ESTAT"."V1"."dat_resource" (id, label_en, label_fr, uri, date_created, date_modified, status_id, date_deprecated, definition, editorial_note, change_note, scope_note, infotype_id) VALUES (50, 'Taxonomy', 'Taxonomie', 'https://nlp4statref/knowledge/resource/authority/resource-type#taxonomy', '2021-06-29', NULL, 1, NULL, NULL, 'ToDo : Notes', '29/06/2021 - Creation', NULL, 2);
INSERT INTO "ESTAT"."V1"."dat_resource" (id, label_en, label_fr, uri, date_created, date_modified, status_id, date_deprecated, definition, editorial_note, change_note, scope_note, infotype_id) VALUES (51, 'Terminology', 'Terminologie', 'https://nlp4statref/knowledge/resource/authority/resource-type#terminology', '2021-06-29', NULL, 1, NULL, NULL, 'ToDo : Notes', '29/06/2021 - Creation', NULL, 2);
INSERT INTO "ESTAT"."V1"."dat_resource" (id, label_en, label_fr, uri, date_created, date_modified, status_id, date_deprecated, definition, editorial_note, change_note, scope_note, infotype_id) VALUES (52, 'Statistical article', NULL, 'https://nlp4statref/knowledge/resource/authority/resource-type#statistical-article', '2021-06-29', NULL, 1, NULL, NULL, NULL, NULL, NULL, 2 );
INSERT INTO "ESTAT"."V1"."dat_resource" (id, label_en, label_fr, uri, date_created, date_modified, status_id, date_deprecated, definition, editorial_note, change_note, scope_note, infotype_id) VALUES (53, 'Background article', NULL, 'https://nlp4statref/knowledge/resource/authority/resource-type#background-article', '2021-06-29', NULL, 1, NULL, NULL, NULL, NULL, NULL, 2 );
INSERT INTO "ESTAT"."V1"."dat_resource" (id, label_en, label_fr, uri, date_created, date_modified, status_id, date_deprecated, definition, editorial_note, change_note, scope_note, infotype_id) VALUES (54, 'Controlled vocabulary', 'Vocabulaire contrôlé', 'https://nlp4statref/knowledge/resource/authority/resource-type#controlled-vocabulary', '2021-08-25', NULL, 1, NULL, NULL, 'ToDo : Notes', '25/08/2021 - Creation', NULL, 2 );

/*dat_resource_altlabel*/
INSERT INTO "ESTAT"."V1"."dat_resource_altlabel" (label, lexical_type_id, resource_id) VALUES ('article', 1, 36);
INSERT INTO "ESTAT"."V1"."dat_resource_altlabel" (label, lexical_type_id, resource_id) VALUES ('controlled vocabulary', 1, 54);
INSERT INTO "ESTAT"."V1"."dat_resource_altlabel" (label, lexical_type_id, resource_id) VALUES ('european union law', 1, 37);
INSERT INTO "ESTAT"."V1"."dat_resource_altlabel" (label, lexical_type_id, resource_id) VALUES ('no-use', 1, 38);
INSERT INTO "ESTAT"."V1"."dat_resource_altlabel" (label, lexical_type_id, resource_id) VALUES ('glossary concept', 1, 39);
INSERT INTO "ESTAT"."V1"."dat_resource_altlabel" (label, lexical_type_id, resource_id) VALUES ('glossary home page', 1, 40);
INSERT INTO "ESTAT"."V1"."dat_resource_altlabel" (label, lexical_type_id, resource_id) VALUES ('infography', 1, 41);
INSERT INTO "ESTAT"."V1"."dat_resource_altlabel" (label, lexical_type_id, resource_id) VALUES ('legal context', 1, 42);
INSERT INTO "ESTAT"."V1"."dat_resource_altlabel" (label, lexical_type_id, resource_id) VALUES ('miscellaneaous', 1, 43);
INSERT INTO "ESTAT"."V1"."dat_resource_altlabel" (label, lexical_type_id, resource_id) VALUES ('news', 1, 44);
INSERT INTO "ESTAT"."V1"."dat_resource_altlabel" (label, lexical_type_id, resource_id) VALUES ('publication', 1, 45);
INSERT INTO "ESTAT"."V1"."dat_resource_altlabel" (label, lexical_type_id, resource_id) VALUES ('statistic database', 1, 46);
INSERT INTO "ESTAT"."V1"."dat_resource_altlabel" (label, lexical_type_id, resource_id) VALUES ('statistic reference metadata', 1, 47);
INSERT INTO "ESTAT"."V1"."dat_resource_altlabel" (label, lexical_type_id, resource_id) VALUES ('statistics explained source data', 1, 48);
INSERT INTO "ESTAT"."V1"."dat_resource_altlabel" (label, lexical_type_id, resource_id) VALUES ('statistic table', 1, 49);
INSERT INTO "ESTAT"."V1"."dat_resource_altlabel" (label, lexical_type_id, resource_id) VALUES ('taxonomy', 1, 50);
INSERT INTO "ESTAT"."V1"."dat_resource_altlabel" (label, lexical_type_id, resource_id) VALUES ('terminology', 1, 51);
INSERT INTO "ESTAT"."V1"."dat_resource_altlabel" (label, lexical_type_id, resource_id) VALUES ('eurostat', 1, 1);
INSERT INTO "ESTAT"."V1"."dat_resource_altlabel" (label, lexical_type_id, resource_id) VALUES ('estat', 3, 1);
INSERT INTO "ESTAT"."V1"."dat_resource_altlabel" (label, lexical_type_id, resource_id) VALUES ('european agency for safety and health at work', 1, 2);
INSERT INTO "ESTAT"."V1"."dat_resource_altlabel" (label, lexical_type_id, resource_id) VALUES ('european asylum support office', 1, 3);
INSERT INTO "ESTAT"."V1"."dat_resource_altlabel" (label, lexical_type_id, resource_id) VALUES ('european central bank', 1, 4);
INSERT INTO "ESTAT"."V1"."dat_resource_altlabel" (label, lexical_type_id, resource_id) VALUES ('european centre for the development of vocational training', 1, 5);
INSERT INTO "ESTAT"."V1"."dat_resource_altlabel" (label, lexical_type_id, resource_id) VALUES ('european council and council of the european union', 1, 6);
INSERT INTO "ESTAT"."V1"."dat_resource_altlabel" (label, lexical_type_id, resource_id) VALUES ('european court of auditors', 1, 7);
INSERT INTO "ESTAT"."V1"."dat_resource_altlabel" (label, lexical_type_id, resource_id) VALUES ('european environment agency', 1, 8);
INSERT INTO "ESTAT"."V1"."dat_resource_altlabel" (label, lexical_type_id, resource_id) VALUES ('european environment information and observation network', 1, 9);
INSERT INTO "ESTAT"."V1"."dat_resource_altlabel" (label, lexical_type_id, resource_id) VALUES ('european foundation for the improvement of living and working conditions', 1, 10);
INSERT INTO "ESTAT"."V1"."dat_resource_altlabel" (label, lexical_type_id, resource_id) VALUES ('european institute for gender equality', 1, 11);
INSERT INTO "ESTAT"."V1"."dat_resource_altlabel" (label, lexical_type_id, resource_id) VALUES ('european monitoring centre for drugs and drug addiction', 1, 12);
INSERT INTO "ESTAT"."V1"."dat_resource_altlabel" (label, lexical_type_id, resource_id) VALUES ('european parliament', 1, 13);
INSERT INTO "ESTAT"."V1"."dat_resource_altlabel" (label, lexical_type_id, resource_id) VALUES ('european union agency for fundamental rights', 1, 14);
INSERT INTO "ESTAT"."V1"."dat_resource_altlabel" (label, lexical_type_id, resource_id) VALUES ('european union agency for railways', 1, 15);
INSERT INTO "ESTAT"."V1"."dat_resource_altlabel" (label, lexical_type_id, resource_id) VALUES ('european union', 1, 16);
INSERT INTO "ESTAT"."V1"."dat_resource_altlabel" (label, lexical_type_id, resource_id) VALUES ('europa', 3, 16);
INSERT INTO "ESTAT"."V1"."dat_resource_altlabel" (label, lexical_type_id, resource_id) VALUES ('european patent convention', 1, 17);
INSERT INTO "ESTAT"."V1"."dat_resource_altlabel" (label, lexical_type_id, resource_id) VALUES ('european investment bank', 1, 18);
INSERT INTO "ESTAT"."V1"."dat_resource_altlabel" (label, lexical_type_id, resource_id) VALUES ('european free trade association', 1, 19);
INSERT INTO "ESTAT"."V1"."dat_resource_altlabel" (label, lexical_type_id, resource_id) VALUES ('international household survey network', 1, 20);
INSERT INTO "ESTAT"."V1"."dat_resource_altlabel" (label, lexical_type_id, resource_id) VALUES ('international input output organization', 1, 21);
INSERT INTO "ESTAT"."V1"."dat_resource_altlabel" (label, lexical_type_id, resource_id) VALUES ('international monetary fund', 1, 22);
INSERT INTO "ESTAT"."V1"."dat_resource_altlabel" (label, lexical_type_id, resource_id) VALUES ('FMI', 2, 22);
INSERT INTO "ESTAT"."V1"."dat_resource_altlabel" (label, lexical_type_id, resource_id) VALUES ('IMF', 2, 22);
INSERT INTO "ESTAT"."V1"."dat_resource_altlabel" (label, lexical_type_id, resource_id) VALUES ('international statistics institute', 1, 23);
INSERT INTO "ESTAT"."V1"."dat_resource_altlabel" (label, lexical_type_id, resource_id) VALUES ('organisation for economic co-operation and development', 1, 24);
INSERT INTO "ESTAT"."V1"."dat_resource_altlabel" (label, lexical_type_id, resource_id) VALUES ('OCDE', 2, 24);
INSERT INTO "ESTAT"."V1"."dat_resource_altlabel" (label, lexical_type_id, resource_id) VALUES ('OECD', 2, 24);
INSERT INTO "ESTAT"."V1"."dat_resource_altlabel" (label, lexical_type_id, resource_id) VALUES ('paris21', 1, 25);
INSERT INTO "ESTAT"."V1"."dat_resource_altlabel" (label, lexical_type_id, resource_id) VALUES ('the world bank', 1, 26);
INSERT INTO "ESTAT"."V1"."dat_resource_altlabel" (label, lexical_type_id, resource_id) VALUES ('world health organization', 1, 27);
INSERT INTO "ESTAT"."V1"."dat_resource_altlabel" (label, lexical_type_id, resource_id) VALUES ('united nations economic commission for europe', 1, 28);
INSERT INTO "ESTAT"."V1"."dat_resource_altlabel" (label, lexical_type_id, resource_id) VALUES ('united nations educational, scientific and cultural organization', 1, 29);
INSERT INTO "ESTAT"."V1"."dat_resource_altlabel" (label, lexical_type_id, resource_id) VALUES ('UNESCO', 2, 29);
INSERT INTO "ESTAT"."V1"."dat_resource_altlabel" (label, lexical_type_id, resource_id) VALUES ('united nations development program', 1, 30);
INSERT INTO "ESTAT"."V1"."dat_resource_altlabel" (label, lexical_type_id, resource_id) VALUES ('food and agriculture organization of the united nations', 1, 31);
INSERT INTO "ESTAT"."V1"."dat_resource_altlabel" (label, lexical_type_id, resource_id) VALUES ('united nations framework convention on climate change', 1, 32);
INSERT INTO "ESTAT"."V1"."dat_resource_altlabel" (label, lexical_type_id, resource_id) VALUES ('united nations office on drugs and crime', 1, 33);
INSERT INTO "ESTAT"."V1"."dat_resource_altlabel" (label, lexical_type_id, resource_id) VALUES ('united nations statistics division', 1, 34);
INSERT INTO "ESTAT"."V1"."dat_resource_altlabel" (label, lexical_type_id, resource_id) VALUES ('wikipedia', 1, 35);


/*dat_collection_resource*/
INSERT INTO "ESTAT"."V1"."dat_collection_resource" (collection_id, resource_id) VALUES (1,38);
INSERT INTO "ESTAT"."V1"."dat_collection_resource" (collection_id, resource_id) VALUES (2,36);
INSERT INTO "ESTAT"."V1"."dat_collection_resource" (collection_id, resource_id) VALUES (2,41);
INSERT INTO "ESTAT"."V1"."dat_collection_resource" (collection_id, resource_id) VALUES (2,42);
INSERT INTO "ESTAT"."V1"."dat_collection_resource" (collection_id, resource_id) VALUES (2,43);
INSERT INTO "ESTAT"."V1"."dat_collection_resource" (collection_id, resource_id) VALUES (2,44);
INSERT INTO "ESTAT"."V1"."dat_collection_resource" (collection_id, resource_id) VALUES (2,45);
INSERT INTO "ESTAT"."V1"."dat_collection_resource" (collection_id, resource_id) VALUES (3,37);
INSERT INTO "ESTAT"."V1"."dat_collection_resource" (collection_id, resource_id) VALUES (5,46);
INSERT INTO "ESTAT"."V1"."dat_collection_resource" (collection_id, resource_id) VALUES (5,47);
INSERT INTO "ESTAT"."V1"."dat_collection_resource" (collection_id, resource_id) VALUES (5,48);
INSERT INTO "ESTAT"."V1"."dat_collection_resource" (collection_id, resource_id) VALUES (5,49);
INSERT INTO "ESTAT"."V1"."dat_collection_resource" (collection_id, resource_id) VALUES (6,39);
INSERT INTO "ESTAT"."V1"."dat_collection_resource" (collection_id, resource_id) VALUES (6,40);
INSERT INTO "ESTAT"."V1"."dat_collection_resource" (collection_id, resource_id) VALUES (6,50);
INSERT INTO "ESTAT"."V1"."dat_collection_resource" (collection_id, resource_id) VALUES (6,54);
INSERT INTO "ESTAT"."V1"."dat_collection_resource" (collection_id, resource_id) VALUES (7,1);
INSERT INTO "ESTAT"."V1"."dat_collection_resource" (collection_id, resource_id) VALUES (8,2);
INSERT INTO "ESTAT"."V1"."dat_collection_resource" (collection_id, resource_id) VALUES (8,3);
INSERT INTO "ESTAT"."V1"."dat_collection_resource" (collection_id, resource_id) VALUES (8,4);
INSERT INTO "ESTAT"."V1"."dat_collection_resource" (collection_id, resource_id) VALUES (8,5);
INSERT INTO "ESTAT"."V1"."dat_collection_resource" (collection_id, resource_id) VALUES (8,6);
INSERT INTO "ESTAT"."V1"."dat_collection_resource" (collection_id, resource_id) VALUES (8,7);
INSERT INTO "ESTAT"."V1"."dat_collection_resource" (collection_id, resource_id) VALUES (8,8);
INSERT INTO "ESTAT"."V1"."dat_collection_resource" (collection_id, resource_id) VALUES (8,9);
INSERT INTO "ESTAT"."V1"."dat_collection_resource" (collection_id, resource_id) VALUES (8,10);
INSERT INTO "ESTAT"."V1"."dat_collection_resource" (collection_id, resource_id) VALUES (8,11);
INSERT INTO "ESTAT"."V1"."dat_collection_resource" (collection_id, resource_id) VALUES (8,12);
INSERT INTO "ESTAT"."V1"."dat_collection_resource" (collection_id, resource_id) VALUES (8,13);
INSERT INTO "ESTAT"."V1"."dat_collection_resource" (collection_id, resource_id) VALUES (8,14);
INSERT INTO "ESTAT"."V1"."dat_collection_resource" (collection_id, resource_id) VALUES (8,15);
INSERT INTO "ESTAT"."V1"."dat_collection_resource" (collection_id, resource_id) VALUES (8,16);
INSERT INTO "ESTAT"."V1"."dat_collection_resource" (collection_id, resource_id) VALUES (9,17);
INSERT INTO "ESTAT"."V1"."dat_collection_resource" (collection_id, resource_id) VALUES (9,18);
INSERT INTO "ESTAT"."V1"."dat_collection_resource" (collection_id, resource_id) VALUES (9,19);
INSERT INTO "ESTAT"."V1"."dat_collection_resource" (collection_id, resource_id) VALUES (9,20);
INSERT INTO "ESTAT"."V1"."dat_collection_resource" (collection_id, resource_id) VALUES (9,21);
INSERT INTO "ESTAT"."V1"."dat_collection_resource" (collection_id, resource_id) VALUES (9,22);
INSERT INTO "ESTAT"."V1"."dat_collection_resource" (collection_id, resource_id) VALUES (9,23);
INSERT INTO "ESTAT"."V1"."dat_collection_resource" (collection_id, resource_id) VALUES (9,24);
INSERT INTO "ESTAT"."V1"."dat_collection_resource" (collection_id, resource_id) VALUES (9,25);
INSERT INTO "ESTAT"."V1"."dat_collection_resource" (collection_id, resource_id) VALUES (9,26);
INSERT INTO "ESTAT"."V1"."dat_collection_resource" (collection_id, resource_id) VALUES (9,27);
INSERT INTO "ESTAT"."V1"."dat_collection_resource" (collection_id, resource_id) VALUES (9,28);
INSERT INTO "ESTAT"."V1"."dat_collection_resource" (collection_id, resource_id) VALUES (9,29);
INSERT INTO "ESTAT"."V1"."dat_collection_resource" (collection_id, resource_id) VALUES (9,30);
INSERT INTO "ESTAT"."V1"."dat_collection_resource" (collection_id, resource_id) VALUES (9,31);
INSERT INTO "ESTAT"."V1"."dat_collection_resource" (collection_id, resource_id) VALUES (9,32);
INSERT INTO "ESTAT"."V1"."dat_collection_resource" (collection_id, resource_id) VALUES (9,33);
INSERT INTO "ESTAT"."V1"."dat_collection_resource" (collection_id, resource_id) VALUES (9,34);
INSERT INTO "ESTAT"."V1"."dat_collection_resource" (collection_id, resource_id) VALUES (9,35);


